"date","plug","worktime"
2012-06-27,"Lamp",0
2012-06-28,"Lamp",4.04861111111111
2012-06-29,"Lamp",6.15583333333333
2012-06-30,"Lamp",0.117222222222222
2012-07-01,"Lamp",0.0391666666666667
2012-07-02,"Lamp",0
2012-07-03,"Lamp",0
2012-07-04,"Lamp",0
2012-07-05,"Lamp",0.000555555555555556
2012-07-06,"Lamp",0.000555555555555556
2012-07-07,"Lamp",0.1725
2012-07-08,"Lamp",0
2012-07-09,"Lamp",0.000277777777777778
2012-07-10,"Lamp",0.000277777777777778
2012-07-11,"Lamp",0
2012-07-12,"Lamp",0.348333333333333
2012-07-13,"Lamp",0.568333333333333
2012-07-14,"Lamp",15.2713888888889
2012-07-15,"Lamp",14.9441666666667
2012-07-16,"Lamp",11.0716666666667
2012-07-17,"Lamp",11.1386111111111
2012-07-18,"Lamp",11.1647222222222
2012-07-19,"Lamp",10.8408333333333
2012-07-20,"Lamp",10.6455555555556
2012-07-21,"Lamp",10.8352777777778
2012-07-22,"Lamp",11.1927777777778
2012-07-23,"Lamp",10.89
2012-07-24,"Lamp",10.9005555555556
2012-07-25,"Lamp",11.1311111111111
2012-07-26,"Lamp",10.7008333333333
2012-07-27,"Lamp",10.7025
2012-07-28,"Lamp",10.8077777777778
2012-07-29,"Lamp",11.4911111111111
2012-07-30,"Lamp",10.5866666666667
2012-07-31,"Lamp",10.8397222222222
2012-08-01,"Lamp",10.9394444444444
2012-08-02,"Lamp",10.8505555555556
2012-08-03,"Lamp",10.4083333333333
2012-08-04,"Lamp",10.8822222222222
2012-08-05,"Lamp",10.6888888888889
2012-08-06,"Lamp",10.8383333333333
2012-08-07,"Lamp",10.5352777777778
2012-08-08,"Lamp",10.4497222222222
2012-08-09,"Lamp",10.1138888888889
2012-08-10,"Lamp",10.3394444444444
2012-08-11,"Lamp",10.4261111111111
2012-08-12,"Lamp",9.74833333333333
2012-08-13,"Lamp",10.2175
2012-08-14,"Lamp",10.2855555555556
2012-08-15,"Lamp",10.5233333333333
2012-08-16,"Lamp",10.1816666666667
2012-08-17,"Lamp",10.8858333333333
2012-08-18,"Lamp",9.67527777777778
2012-08-19,"Lamp",9.86694444444444
2012-08-20,"Lamp",10.2911111111111
2012-08-21,"Lamp",10.4519444444444
2012-08-22,"Lamp",10.2794444444444
2012-08-23,"Lamp",10.3875
2012-08-24,"Lamp",10.4125
2012-08-25,"Lamp",16.4683333333333
2012-08-26,"Lamp",NA
2012-08-27,"Lamp",NA
2012-08-28,"Lamp",NA
2012-08-29,"Lamp",NA
2012-08-30,"Lamp",15.3969444444444
2012-08-31,"Lamp",12.8791666666667
2012-09-01,"Lamp",20.6075
2012-09-02,"Lamp",10.2402777777778
2012-09-03,"Lamp",10.4341666666667
2012-09-04,"Lamp",10.5986111111111
2012-09-05,"Lamp",10.4786111111111
2012-09-06,"Lamp",10.3469444444444
2012-09-07,"Lamp",10.3086111111111
2012-09-08,"Lamp",15.0930555555556
2012-09-09,"Lamp",NA
2012-09-10,"Lamp",NA
2012-09-11,"Lamp",NA
2012-09-12,"Lamp",NA
2012-09-13,"Lamp",NA
2012-09-14,"Lamp",NA
2012-09-15,"Lamp",NA
2012-09-16,"Lamp",NA
2012-09-17,"Lamp",18.9402777777778
2012-09-18,"Lamp",10.1730555555556
2012-09-19,"Lamp",10.3116666666667
2012-09-20,"Lamp",10.3736111111111
2012-09-21,"Lamp",10.3416666666667
2012-09-22,"Lamp",11.7594444444444
2012-09-23,"Lamp",10.1597222222222
2012-09-24,"Lamp",10.2147222222222
2012-09-25,"Lamp",11.9375
2012-09-26,"Lamp",10.35
2012-09-27,"Lamp",10.1358333333333
2012-09-28,"Lamp",9.9125
2012-09-29,"Lamp",13.1794444444444
2012-09-30,"Lamp",10.0827777777778
2012-10-01,"Lamp",12.9863888888889
2012-10-02,"Lamp",10.3044444444444
2012-10-03,"Lamp",10.3302777777778
2012-10-04,"Lamp",10.2891666666667
2012-10-05,"Lamp",10.3122222222222
2012-10-06,"Lamp",10.1383333333333
2012-10-07,"Lamp",10.0969444444444
2012-10-08,"Lamp",10.3558333333333
2012-10-09,"Lamp",11.2355555555556
2012-10-10,"Lamp",10.1080555555556
2012-10-11,"Lamp",11.7744444444444
2012-10-12,"Lamp",10.2672222222222
2012-10-13,"Lamp",10.0647222222222
2012-10-14,"Lamp",9.98583333333333
2012-10-15,"Lamp",10.2461111111111
2012-10-16,"Lamp",10.3730555555556
2012-10-17,"Lamp",9.90138888888889
2012-10-18,"Lamp",20.3569444444444
2012-10-19,"Lamp",12.5694444444444
2012-10-20,"Lamp",9.5525
2012-10-21,"Lamp",9.91083333333333
2012-10-22,"Lamp",9.70861111111111
2012-10-23,"Lamp",9.70666666666667
2012-10-24,"Lamp",9.94861111111111
2012-10-25,"Lamp",10.3388888888889
2012-10-26,"Lamp",9.8
2012-10-27,"Lamp",10.0719444444444
2012-10-28,"Lamp",9.78638888888889
2012-10-29,"Lamp",14.3586111111111
2012-11-07,"Lamp",20.5644444444444
2012-11-08,"Lamp",10.1144444444444
2012-11-09,"Lamp",10.0891666666667
2012-11-10,"Lamp",12.5538888888889
2012-11-11,"Lamp",9.44694444444444
2012-11-12,"Lamp",9.8625
2012-11-13,"Lamp",10.0708333333333
2012-11-14,"Lamp",10.2158333333333
2012-11-15,"Lamp",10.2302777777778
2012-11-16,"Lamp",10.2038888888889
2012-11-17,"Lamp",9.805
2012-11-18,"Lamp",10.0094444444444
2012-11-19,"Lamp",10.2002777777778
2012-11-20,"Lamp",10.2005555555556
2012-11-21,"Lamp",10.2425
2012-11-22,"Lamp",10.2686111111111
2012-11-23,"Lamp",10.2816666666667
2012-11-24,"Lamp",12.2813888888889
2012-11-25,"Lamp",19.5166666666667
2012-11-26,"Lamp",NA
2012-11-27,"Lamp",NA
2012-11-28,"Lamp",NA
2012-11-29,"Lamp",NA
2012-11-30,"Lamp",NA
2012-12-01,"Lamp",NA
2012-12-02,"Lamp",NA
2012-12-03,"Lamp",13.1097222222222
2012-12-04,"Lamp",0
2012-12-05,"Lamp",0.000555555555555556
2012-12-06,"Lamp",4.64777777777778
2012-12-07,"Lamp",0
2012-12-08,"Lamp",15.1638888888889
2013-01-04,"Lamp",9.91944444444444
2013-01-05,"Lamp",1.74527777777778
2013-01-06,"Lamp",2.14888888888889
2013-01-07,"Lamp",0.000555555555555556
2013-01-08,"Lamp",0
2013-01-09,"Lamp",0.000555555555555556
2013-01-10,"Lamp",0.0794444444444444
2013-01-11,"Lamp",0
2013-01-12,"Lamp",0
2013-01-13,"Lamp",0.000277777777777778
2013-01-14,"Lamp",0
2013-01-15,"Lamp",0
2013-01-16,"Lamp",0
2013-01-17,"Lamp",0.0541666666666667
2013-01-18,"Lamp",0
2013-01-19,"Lamp",0.000277777777777778
2013-01-20,"Lamp",0.000277777777777778
2013-01-21,"Lamp",0
2013-01-22,"Lamp",0.000277777777777778
2013-01-23,"Lamp",0
2013-01-24,"Lamp",0
2013-01-25,"Lamp",0
2013-01-26,"Lamp",0
2013-01-27,"Lamp",0.000555555555555556
2013-01-28,"Lamp",0
2013-01-29,"Lamp",0
2013-01-30,"Lamp",0.000555555555555556
2013-01-31,"Lamp",0.000833333333333333
2012-06-27,"Laptop",24
2012-06-28,"Laptop",24
2012-06-29,"Laptop",24
2012-06-30,"Laptop",24
2012-07-01,"Laptop",24
2012-07-02,"Laptop",24
2012-07-03,"Laptop",24
2012-07-04,"Laptop",24
2012-07-05,"Laptop",24
2012-07-06,"Laptop",24
2012-07-07,"Laptop",24
2012-07-08,"Laptop",24
2012-07-09,"Laptop",24
2012-07-10,"Laptop",24
2012-07-11,"Laptop",24
2012-07-12,"Laptop",24
2012-07-13,"Laptop",24
2012-07-14,"Laptop",20.3816666666667
2012-07-15,"Laptop",14.0694444444444
2012-07-16,"Laptop",8.11333333333333
2012-07-17,"Laptop",8.09444444444444
2012-07-18,"Laptop",8.18361111111111
2012-07-19,"Laptop",8.13833333333333
2012-07-20,"Laptop",8.08916666666667
2012-07-21,"Laptop",8.16944444444444
2012-07-22,"Laptop",8.22583333333333
2012-07-23,"Laptop",8.11944444444444
2012-07-24,"Laptop",15.4686111111111
2012-07-25,"Laptop",24
2012-07-26,"Laptop",24
2012-07-27,"Laptop",24
2012-07-28,"Laptop",24
2012-07-29,"Laptop",24
2012-07-30,"Laptop",24
2012-07-31,"Laptop",24
2012-08-01,"Laptop",24
2012-08-02,"Laptop",24
2012-08-03,"Laptop",24
2012-08-04,"Laptop",24
2012-08-05,"Laptop",24
2012-08-06,"Laptop",24
2012-08-07,"Laptop",24
2012-08-08,"Laptop",24
2012-08-09,"Laptop",24
2012-08-10,"Laptop",24
2012-08-11,"Laptop",24
2012-08-12,"Laptop",24
2012-08-13,"Laptop",24
2012-08-14,"Laptop",24
2012-08-15,"Laptop",24
2012-08-16,"Laptop",24
2012-08-17,"Laptop",24
2012-08-18,"Laptop",24
2012-08-19,"Laptop",24
2012-08-20,"Laptop",24
2012-08-21,"Laptop",24
2012-08-22,"Laptop",24
2012-08-23,"Laptop",24
2012-08-24,"Laptop",24
2012-08-25,"Laptop",24
2012-08-26,"Laptop",24
2012-08-27,"Laptop",24
2012-08-28,"Laptop",24
2012-08-29,"Laptop",24
2012-08-30,"Laptop",24
2012-08-31,"Laptop",24
2012-09-01,"Laptop",24
2012-09-02,"Laptop",24
2012-09-03,"Laptop",24
2012-09-04,"Laptop",24
2012-09-05,"Laptop",24
2012-09-06,"Laptop",24
2012-09-07,"Laptop",24
2012-09-08,"Laptop",24
2012-09-09,"Laptop",24
2012-09-10,"Laptop",24
2012-09-11,"Laptop",24
2012-09-12,"Laptop",24
2012-09-13,"Laptop",24
2012-09-14,"Laptop",24
2012-09-15,"Laptop",24
2012-09-16,"Laptop",24
2012-09-17,"Laptop",24
2012-09-18,"Laptop",24
2012-09-19,"Laptop",24
2012-09-20,"Laptop",24
2012-09-21,"Laptop",24
2012-09-22,"Laptop",24
2012-09-23,"Laptop",24
2012-09-24,"Laptop",24
2012-09-25,"Laptop",24
2012-09-26,"Laptop",24
2012-09-27,"Laptop",24
2012-09-28,"Laptop",24
2012-09-29,"Laptop",24
2012-09-30,"Laptop",24
2012-10-01,"Laptop",24
2012-10-02,"Laptop",24
2012-10-03,"Laptop",24
2012-10-04,"Laptop",24
2012-10-05,"Laptop",24
2012-10-06,"Laptop",24
2012-10-07,"Laptop",24
2012-10-08,"Laptop",24
2012-10-09,"Laptop",24
2012-10-10,"Laptop",24
2012-10-11,"Laptop",24
2012-10-12,"Laptop",24
2012-10-13,"Laptop",24
2012-10-14,"Laptop",24
2012-10-15,"Laptop",24
2012-10-16,"Laptop",24
2012-10-17,"Laptop",24
2012-10-18,"Laptop",24
2012-10-19,"Laptop",24
2012-10-20,"Laptop",24
2012-10-21,"Laptop",24
2012-10-22,"Laptop",24
2012-10-23,"Laptop",24
2012-10-24,"Laptop",24
2012-10-25,"Laptop",24
2012-10-26,"Laptop",24
2012-10-27,"Laptop",24
2012-10-28,"Laptop",24
2012-10-29,"Laptop",24
2012-11-07,"Laptop",24
2012-11-08,"Laptop",24
2012-11-09,"Laptop",24
2012-11-10,"Laptop",24
2012-11-11,"Laptop",24
2012-11-12,"Laptop",24
2012-11-13,"Laptop",24
2012-11-14,"Laptop",24
2012-11-15,"Laptop",24
2012-11-16,"Laptop",24
2012-11-17,"Laptop",24
2012-11-18,"Laptop",24
2012-11-19,"Laptop",24
2012-11-20,"Laptop",24
2012-11-21,"Laptop",24
2012-11-22,"Laptop",24
2012-11-23,"Laptop",24
2012-11-24,"Laptop",24
2012-11-25,"Laptop",24
2012-11-26,"Laptop",24
2012-11-27,"Laptop",24
2012-11-28,"Laptop",24
2012-11-29,"Laptop",24
2012-11-30,"Laptop",24
2012-12-01,"Laptop",24
2012-12-02,"Laptop",24
2012-12-03,"Laptop",24
2012-12-04,"Laptop",24
2012-12-05,"Laptop",24
2012-12-06,"Laptop",24
2012-12-07,"Laptop",24
2012-12-08,"Laptop",24
2013-01-04,"Laptop",24
2013-01-05,"Laptop",24
2013-01-06,"Laptop",24
2013-01-07,"Laptop",24
2013-01-08,"Laptop",24
2013-01-09,"Laptop",24
2013-01-10,"Laptop",24
2013-01-11,"Laptop",24
2013-01-12,"Laptop",24
2013-01-13,"Laptop",24
2013-01-14,"Laptop",24
2013-01-15,"Laptop",24
2013-01-16,"Laptop",24
2013-01-17,"Laptop",24
2013-01-18,"Laptop",24
2013-01-19,"Laptop",24
2013-01-20,"Laptop",24
2013-01-21,"Laptop",24
2013-01-22,"Laptop",24
2013-01-23,"Laptop",24
2013-01-24,"Laptop",24
2013-01-25,"Laptop",24
2013-01-26,"Laptop",24
2013-01-27,"Laptop",24
2013-01-28,"Laptop",24
2013-01-29,"Laptop",24
2013-01-30,"Laptop",24
2013-01-31,"Laptop",24
2012-06-27,"Router",24
2012-06-28,"Router",24
2012-06-29,"Router",24
2012-06-30,"Router",24
2012-07-01,"Router",24
2012-07-02,"Router",24
2012-07-03,"Router",24
2012-07-04,"Router",24
2012-07-05,"Router",24
2012-07-06,"Router",24
2012-07-07,"Router",24
2012-07-08,"Router",24
2012-07-09,"Router",24
2012-07-10,"Router",24
2012-07-11,"Router",24
2012-07-12,"Router",24
2012-07-13,"Router",24
2012-07-14,"Router",24
2012-07-15,"Router",24
2012-07-16,"Router",24
2012-07-17,"Router",24
2012-07-18,"Router",24
2012-07-19,"Router",24
2012-07-20,"Router",24
2012-07-21,"Router",24
2012-07-22,"Router",24
2012-07-23,"Router",24
2012-07-24,"Router",24
2012-07-25,"Router",24
2012-07-26,"Router",24
2012-07-27,"Router",24
2012-07-28,"Router",24
2012-07-29,"Router",24
2012-07-30,"Router",24
2012-07-31,"Router",24
2012-08-01,"Router",24
2012-08-02,"Router",24
2012-08-03,"Router",24
2012-08-04,"Router",24
2012-08-05,"Router",24
2012-08-06,"Router",24
2012-08-07,"Router",24
2012-08-08,"Router",24
2012-08-09,"Router",24
2012-08-10,"Router",24
2012-08-11,"Router",24
2012-08-12,"Router",24
2012-08-13,"Router",24
2012-08-14,"Router",24
2012-08-15,"Router",24
2012-08-16,"Router",24
2012-08-17,"Router",24
2012-08-18,"Router",24
2012-08-19,"Router",24
2012-08-20,"Router",24
2012-08-21,"Router",24
2012-08-22,"Router",24
2012-08-23,"Router",24
2012-08-24,"Router",24
2012-08-25,"Router",24
2012-08-26,"Router",24
2012-08-27,"Router",24
2012-08-28,"Router",24
2012-08-29,"Router",24
2012-08-30,"Router",24
2012-08-31,"Router",24
2012-09-01,"Router",24
2012-09-02,"Router",24
2012-09-03,"Router",24
2012-09-04,"Router",24
2012-09-05,"Router",24
2012-09-06,"Router",24
2012-09-07,"Router",24
2012-09-08,"Router",24
2012-09-09,"Router",24
2012-09-10,"Router",24
2012-09-11,"Router",24
2012-09-12,"Router",24
2012-09-13,"Router",24
2012-09-14,"Router",24
2012-09-15,"Router",24
2012-09-16,"Router",24
2012-09-17,"Router",24
2012-09-18,"Router",24
2012-09-19,"Router",24
2012-09-20,"Router",24
2012-09-21,"Router",24
2012-09-22,"Router",24
2012-09-23,"Router",NA
2012-09-24,"Router",NA
2012-09-25,"Router",NA
2012-09-26,"Router",NA
2012-09-27,"Router",NA
2012-09-28,"Router",NA
2012-09-29,"Router",NA
2012-09-30,"Router",NA
2012-10-01,"Router",NA
2012-10-02,"Router",NA
2012-10-03,"Router",NA
2012-10-04,"Router",NA
2012-10-05,"Router",NA
2012-10-06,"Router",NA
2012-10-07,"Router",NA
2012-10-08,"Router",NA
2012-10-09,"Router",NA
2012-10-10,"Router",NA
2012-10-11,"Router",NA
2012-10-12,"Router",NA
2012-10-13,"Router",NA
2012-10-14,"Router",NA
2012-10-15,"Router",NA
2012-10-16,"Router",NA
2012-10-17,"Router",NA
2012-10-18,"Router",NA
2012-10-19,"Router",NA
2012-10-20,"Router",NA
2012-10-21,"Router",NA
2012-10-22,"Router",NA
2012-10-23,"Router",NA
2012-10-24,"Router",NA
2012-10-25,"Router",NA
2012-10-26,"Router",NA
2012-10-27,"Router",NA
2012-10-28,"Router",NA
2012-10-29,"Router",NA
2012-11-07,"Router",NA
2012-11-08,"Router",NA
2012-11-09,"Router",NA
2012-11-10,"Router",NA
2012-11-11,"Router",NA
2012-11-12,"Router",NA
2012-11-13,"Router",NA
2012-11-14,"Router",NA
2012-11-15,"Router",NA
2012-11-16,"Router",NA
2012-11-17,"Router",NA
2012-11-18,"Router",NA
2012-11-19,"Router",NA
2012-11-20,"Router",NA
2012-11-21,"Router",NA
2012-11-22,"Router",NA
2012-11-23,"Router",NA
2012-11-24,"Router",NA
2012-11-25,"Router",NA
2012-11-26,"Router",NA
2012-11-27,"Router",NA
2012-11-28,"Router",NA
2012-11-29,"Router",NA
2012-11-30,"Router",NA
2012-12-01,"Router",NA
2012-12-02,"Router",NA
2012-12-03,"Router",NA
2012-12-04,"Router",NA
2012-12-05,"Router",NA
2012-12-06,"Router",NA
2012-12-07,"Router",NA
2012-12-08,"Router",NA
2013-01-04,"Router",NA
2013-01-05,"Router",NA
2013-01-06,"Router",NA
2013-01-07,"Router",NA
2013-01-08,"Router",NA
2013-01-09,"Router",NA
2013-01-10,"Router",NA
2013-01-11,"Router",NA
2013-01-12,"Router",NA
2013-01-13,"Router",NA
2013-01-14,"Router",NA
2013-01-15,"Router",NA
2013-01-16,"Router",NA
2013-01-17,"Router",NA
2013-01-18,"Router",NA
2013-01-19,"Router",NA
2013-01-20,"Router",NA
2013-01-21,"Router",NA
2013-01-22,"Router",NA
2013-01-23,"Router",NA
2013-01-24,"Router",NA
2013-01-25,"Router",NA
2013-01-26,"Router",NA
2013-01-27,"Router",NA
2013-01-28,"Router",NA
2013-01-29,"Router",NA
2013-01-30,"Router",NA
2013-01-31,"Router",NA
2012-06-27,"Coffee",0.000277777777777778
2012-06-28,"Coffee",11.4494444444444
2012-06-29,"Coffee",14.1422222222222
2012-06-30,"Coffee",5.90972222222222
2012-07-01,"Coffee",0.875
2012-07-02,"Coffee",0.608611111111111
2012-07-03,"Coffee",0.000277777777777778
2012-07-04,"Coffee",0.000277777777777778
2012-07-05,"Coffee",0.000277777777777778
2012-07-06,"Coffee",0.265
2012-07-07,"Coffee",0.658611111111111
2012-07-08,"Coffee",1.06333333333333
2012-07-09,"Coffee",0.000555555555555556
2012-07-10,"Coffee",0.6975
2012-07-11,"Coffee",0.574166666666667
2012-07-12,"Coffee",4.34666666666667
2012-07-13,"Coffee",0.568333333333333
2012-07-14,"Coffee",15.2713888888889
2012-07-15,"Coffee",11.1494444444444
2012-07-16,"Coffee",4.30694444444444
2012-07-17,"Coffee",4.17861111111111
2012-07-18,"Coffee",4.14083333333333
2012-07-19,"Coffee",3.98583333333333
2012-07-20,"Coffee",4.04694444444444
2012-07-21,"Coffee",4.16611111111111
2012-07-22,"Coffee",5.56472222222222
2012-07-23,"Coffee",4.58333333333333
2012-07-24,"Coffee",4.96861111111111
2012-07-25,"Coffee",6.06666666666667
2012-07-26,"Coffee",5.10527777777778
2012-07-27,"Coffee",7.84055555555556
2012-07-28,"Coffee",7.105
2012-07-29,"Coffee",8.15611111111111
2012-07-30,"Coffee",4.06777777777778
2012-07-31,"Coffee",10.5161111111111
2012-08-01,"Coffee",4.29944444444444
2012-08-02,"Coffee",5.59805555555556
2012-08-03,"Coffee",5.16166666666667
2012-08-04,"Coffee",5.38388888888889
2012-08-05,"Coffee",3.93944444444444
2012-08-06,"Coffee",4.01111111111111
2012-08-07,"Coffee",5.345
2012-08-08,"Coffee",3.98972222222222
2012-08-09,"Coffee",4.25666666666667
2012-08-10,"Coffee",8.57055555555556
2012-08-11,"Coffee",7.14833333333333
2012-08-12,"Coffee",9.13027777777778
2012-08-13,"Coffee",4.58722222222222
2012-08-14,"Coffee",4.035
2012-08-15,"Coffee",4.67416666666667
2012-08-16,"Coffee",9.96944444444444
2012-08-17,"Coffee",11.8025
2012-08-18,"Coffee",9.82944444444444
2012-08-19,"Coffee",7.25555555555556
2012-08-20,"Coffee",10.6663888888889
2012-08-21,"Coffee",4.01277777777778
2012-08-22,"Coffee",11.2136111111111
2012-08-23,"Coffee",4.0475
2012-08-24,"Coffee",4.20305555555556
2012-08-25,"Coffee",7.47694444444444
2012-08-26,"Coffee",11.5513888888889
2012-08-27,"Coffee",NA
2012-08-28,"Coffee",NA
2012-08-29,"Coffee",NA
2012-08-30,"Coffee",23.8083333333333
2012-08-31,"Coffee",NA
2012-09-01,"Coffee",NA
2012-09-02,"Coffee",NA
2012-09-03,"Coffee",8.29583333333333
2012-09-04,"Coffee",9.98138888888889
2012-09-05,"Coffee",4.18
2012-09-06,"Coffee",4.20083333333333
2012-09-07,"Coffee",4.12027777777778
2012-09-08,"Coffee",7.18694444444444
2012-09-09,"Coffee",4.74444444444444
2012-09-10,"Coffee",4.15444444444444
2012-09-11,"Coffee",4.36083333333333
2012-09-12,"Coffee",4.02277777777778
2012-09-13,"Coffee",4.15277777777778
2012-09-14,"Coffee",16.2441666666667
2012-09-15,"Coffee",18.8433333333333
2012-09-16,"Coffee",6.41222222222222
2012-09-17,"Coffee",4.7925
2012-09-18,"Coffee",4.20527777777778
2012-09-19,"Coffee",4.09722222222222
2012-09-20,"Coffee",4.24416666666667
2012-09-21,"Coffee",4.10861111111111
2012-09-22,"Coffee",7.20694444444444
2012-09-23,"Coffee",7.46611111111111
2012-09-24,"Coffee",10.6655555555556
2012-09-25,"Coffee",4.1675
2012-09-26,"Coffee",9.26777777777778
2012-09-27,"Coffee",4.5325
2012-09-28,"Coffee",9.95166666666667
2012-09-29,"Coffee",9.89583333333333
2012-09-30,"Coffee",8.32611111111111
2012-10-01,"Coffee",8.36388888888889
2012-10-02,"Coffee",5.53694444444444
2012-10-03,"Coffee",5.38972222222222
2012-10-04,"Coffee",4.37444444444444
2012-10-05,"Coffee",4.14972222222222
2012-10-06,"Coffee",3.98138888888889
2012-10-07,"Coffee",4.05694444444444
2012-10-08,"Coffee",4.19722222222222
2012-10-09,"Coffee",7.55
2012-10-10,"Coffee",6.41305555555556
2012-10-11,"Coffee",9.29222222222222
2012-10-12,"Coffee",10.2022222222222
2012-10-13,"Coffee",8.98361111111111
2012-10-14,"Coffee",14.0641666666667
2012-10-15,"Coffee",6.43027777777778
2012-10-16,"Coffee",4.82
2012-10-17,"Coffee",3.99805555555556
2012-10-18,"Coffee",18.8788888888889
2012-10-19,"Coffee",9.5625
2012-10-20,"Coffee",6.27138888888889
2012-10-21,"Coffee",3.98555555555556
2012-10-22,"Coffee",4.78583333333333
2012-10-23,"Coffee",4.79583333333333
2012-10-24,"Coffee",4.00777777777778
2012-10-25,"Coffee",4.50638888888889
2012-10-26,"Coffee",11.7227777777778
2012-10-27,"Coffee",8.49694444444444
2012-10-28,"Coffee",10.0680555555556
2012-10-29,"Coffee",11.8102777777778
2012-11-07,"Coffee",20.3691666666667
2012-11-08,"Coffee",4.12166666666667
2012-11-09,"Coffee",4.185
2012-11-10,"Coffee",9.05305555555556
2012-11-11,"Coffee",4.79694444444444
2012-11-12,"Coffee",4.96694444444444
2012-11-13,"Coffee",4.17527777777778
2012-11-14,"Coffee",10.6744444444444
2012-11-15,"Coffee",12.3933333333333
2012-11-16,"Coffee",11.1444444444444
2012-11-17,"Coffee",11.2469444444444
2012-11-18,"Coffee",12.3069444444444
2012-11-19,"Coffee",4.03277777777778
2012-11-20,"Coffee",4.21083333333333
2012-11-21,"Coffee",5.16194444444444
2012-11-22,"Coffee",3.92027777777778
2012-11-23,"Coffee",4.01805555555556
2012-11-24,"Coffee",4.81027777777778
2012-11-25,"Coffee",10.4511111111111
2012-11-26,"Coffee",12.5797222222222
2012-11-27,"Coffee",6.85611111111111
2012-11-28,"Coffee",10.2091666666667
2012-11-29,"Coffee",3.17333333333333
2012-11-30,"Coffee",0.793888888888889
2012-12-01,"Coffee",5.50166666666667
2012-12-02,"Coffee",0.973333333333333
2012-12-03,"Coffee",0.836944444444444
2012-12-04,"Coffee",8.31472222222222
2012-12-05,"Coffee",0
2012-12-06,"Coffee",0
2012-12-07,"Coffee",0
2012-12-08,"Coffee",15.7383333333333
2013-01-04,"Coffee",16.0697222222222
2013-01-05,"Coffee",9.64083333333333
2013-01-06,"Coffee",0.543888888888889
2013-01-07,"Coffee",0
2013-01-08,"Coffee",0.521388888888889
2013-01-09,"Coffee",0.000277777777777778
2013-01-10,"Coffee",7.7975
2013-01-11,"Coffee",0.000277777777777778
2013-01-12,"Coffee",0
2013-01-13,"Coffee",3.36222222222222
2013-01-14,"Coffee",14.2925
2013-01-15,"Coffee",11.1875
2013-01-16,"Coffee",0
2013-01-17,"Coffee",7.78694444444444
2013-01-18,"Coffee",9.99
2013-01-19,"Coffee",8.30055555555556
2013-01-20,"Coffee",7.03277777777778
2013-01-21,"Coffee",1.33666666666667
2013-01-22,"Coffee",0
2013-01-23,"Coffee",0
2013-01-24,"Coffee",0.000555555555555556
2013-01-25,"Coffee",0.000833333333333333
2013-01-26,"Coffee",4.77861111111111
2013-01-27,"Coffee",11.2322222222222
2013-01-28,"Coffee",2.12444444444444
2013-01-29,"Coffee",0.000277777777777778
2013-01-30,"Coffee",1.30666666666667
2013-01-31,"Coffee",0
2012-06-27,"Entertainment",24
2012-06-28,"Entertainment",24
2012-06-29,"Entertainment",24
2012-06-30,"Entertainment",24
2012-07-01,"Entertainment",24
2012-07-02,"Entertainment",24
2012-07-03,"Entertainment",24
2012-07-04,"Entertainment",24
2012-07-05,"Entertainment",24
2012-07-06,"Entertainment",24
2012-07-07,"Entertainment",24
2012-07-08,"Entertainment",24
2012-07-09,"Entertainment",24
2012-07-10,"Entertainment",24
2012-07-11,"Entertainment",24
2012-07-12,"Entertainment",24
2012-07-13,"Entertainment",24
2012-07-14,"Entertainment",24
2012-07-15,"Entertainment",24
2012-07-16,"Entertainment",24
2012-07-17,"Entertainment",24
2012-07-18,"Entertainment",24
2012-07-19,"Entertainment",24
2012-07-20,"Entertainment",24
2012-07-21,"Entertainment",24
2012-07-22,"Entertainment",24
2012-07-23,"Entertainment",24
2012-07-24,"Entertainment",24
2012-07-25,"Entertainment",24
2012-07-26,"Entertainment",24
2012-07-27,"Entertainment",24
2012-07-28,"Entertainment",24
2012-07-29,"Entertainment",24
2012-07-30,"Entertainment",24
2012-07-31,"Entertainment",24
2012-08-01,"Entertainment",24
2012-08-02,"Entertainment",24
2012-08-03,"Entertainment",24
2012-08-04,"Entertainment",24
2012-08-05,"Entertainment",24
2012-08-06,"Entertainment",24
2012-08-07,"Entertainment",24
2012-08-08,"Entertainment",24
2012-08-09,"Entertainment",24
2012-08-10,"Entertainment",24
2012-08-11,"Entertainment",24
2012-08-12,"Entertainment",24
2012-08-13,"Entertainment",24
2012-08-14,"Entertainment",24
2012-08-15,"Entertainment",24
2012-08-16,"Entertainment",24
2012-08-17,"Entertainment",24
2012-08-18,"Entertainment",24
2012-08-19,"Entertainment",24
2012-08-20,"Entertainment",24
2012-08-21,"Entertainment",24
2012-08-22,"Entertainment",24
2012-08-23,"Entertainment",24
2012-08-24,"Entertainment",24
2012-08-25,"Entertainment",24
2012-08-26,"Entertainment",24
2012-08-27,"Entertainment",24
2012-08-28,"Entertainment",24
2012-08-29,"Entertainment",24
2012-08-30,"Entertainment",24
2012-08-31,"Entertainment",24
2012-09-01,"Entertainment",24
2012-09-02,"Entertainment",24
2012-09-03,"Entertainment",24
2012-09-04,"Entertainment",24
2012-09-05,"Entertainment",24
2012-09-06,"Entertainment",24
2012-09-07,"Entertainment",24
2012-09-08,"Entertainment",24
2012-09-09,"Entertainment",24
2012-09-10,"Entertainment",NA
2012-09-11,"Entertainment",NA
2012-09-12,"Entertainment",NA
2012-09-13,"Entertainment",24
2012-09-14,"Entertainment",24
2012-09-15,"Entertainment",24
2012-09-16,"Entertainment",24
2012-09-17,"Entertainment",24
2012-09-18,"Entertainment",24
2012-09-19,"Entertainment",24
2012-09-20,"Entertainment",24
2012-09-21,"Entertainment",24
2012-09-22,"Entertainment",24
2012-09-23,"Entertainment",24
2012-09-24,"Entertainment",24
2012-09-25,"Entertainment",24
2012-09-26,"Entertainment",24
2012-09-27,"Entertainment",24
2012-09-28,"Entertainment",24
2012-09-29,"Entertainment",24
2012-09-30,"Entertainment",24
2012-10-01,"Entertainment",24
2012-10-02,"Entertainment",24
2012-10-03,"Entertainment",24
2012-10-04,"Entertainment",24
2012-10-05,"Entertainment",24
2012-10-06,"Entertainment",24
2012-10-07,"Entertainment",24
2012-10-08,"Entertainment",24
2012-10-09,"Entertainment",24
2012-10-10,"Entertainment",24
2012-10-11,"Entertainment",24
2012-10-12,"Entertainment",24
2012-10-13,"Entertainment",24
2012-10-14,"Entertainment",24
2012-10-15,"Entertainment",24
2012-10-16,"Entertainment",24
2012-10-17,"Entertainment",24
2012-10-18,"Entertainment",24
2012-10-19,"Entertainment",24
2012-10-20,"Entertainment",24
2012-10-21,"Entertainment",24
2012-10-22,"Entertainment",24
2012-10-23,"Entertainment",24
2012-10-24,"Entertainment",24
2012-10-25,"Entertainment",24
2012-10-26,"Entertainment",24
2012-10-27,"Entertainment",24
2012-10-28,"Entertainment",24
2012-10-29,"Entertainment",24
2012-11-07,"Entertainment",24
2012-11-08,"Entertainment",24
2012-11-09,"Entertainment",24
2012-11-10,"Entertainment",24
2012-11-11,"Entertainment",24
2012-11-12,"Entertainment",24
2012-11-13,"Entertainment",24
2012-11-14,"Entertainment",24
2012-11-15,"Entertainment",24
2012-11-16,"Entertainment",24
2012-11-17,"Entertainment",24
2012-11-18,"Entertainment",24
2012-11-19,"Entertainment",24
2012-11-20,"Entertainment",24
2012-11-21,"Entertainment",24
2012-11-22,"Entertainment",24
2012-11-23,"Entertainment",24
2012-11-24,"Entertainment",24
2012-11-25,"Entertainment",24
2012-11-26,"Entertainment",24
2012-11-27,"Entertainment",24
2012-11-28,"Entertainment",24
2012-11-29,"Entertainment",24
2012-11-30,"Entertainment",24
2012-12-01,"Entertainment",24
2012-12-02,"Entertainment",24
2012-12-03,"Entertainment",24
2012-12-04,"Entertainment",24
2012-12-05,"Entertainment",24
2012-12-06,"Entertainment",24
2012-12-07,"Entertainment",24
2012-12-08,"Entertainment",24
2013-01-04,"Entertainment",NA
2013-01-05,"Entertainment",24
2013-01-06,"Entertainment",24
2013-01-07,"Entertainment",24
2013-01-08,"Entertainment",24
2013-01-09,"Entertainment",24
2013-01-10,"Entertainment",24
2013-01-11,"Entertainment",24
2013-01-12,"Entertainment",24
2013-01-13,"Entertainment",24
2013-01-14,"Entertainment",24
2013-01-15,"Entertainment",24
2013-01-16,"Entertainment",24
2013-01-17,"Entertainment",24
2013-01-18,"Entertainment",24
2013-01-19,"Entertainment",24
2013-01-20,"Entertainment",24
2013-01-21,"Entertainment",24
2013-01-22,"Entertainment",24
2013-01-23,"Entertainment",24
2013-01-24,"Entertainment",24
2013-01-25,"Entertainment",24
2013-01-26,"Entertainment",24
2013-01-27,"Entertainment",24
2013-01-28,"Entertainment",24
2013-01-29,"Entertainment",24
2013-01-30,"Entertainment",24
2013-01-31,"Entertainment",24
2012-06-27,"Fridge",8.14111111111111
2012-06-28,"Fridge",10.7111111111111
2012-06-29,"Fridge",12.3866666666667
2012-06-30,"Fridge",10.8563888888889
2012-07-01,"Fridge",8.44583333333333
2012-07-02,"Fridge",7.96388888888889
2012-07-03,"Fridge",8.20972222222222
2012-07-04,"Fridge",7.70305555555556
2012-07-05,"Fridge",7.97583333333333
2012-07-06,"Fridge",7.72444444444444
2012-07-07,"Fridge",9.06166666666667
2012-07-08,"Fridge",8.29805555555556
2012-07-09,"Fridge",8.02611111111111
2012-07-10,"Fridge",8.14083333333333
2012-07-11,"Fridge",8.15694444444444
2012-07-12,"Fridge",8.12833333333333
2012-07-13,"Fridge",7.93277777777778
2012-07-14,"Fridge",18.1880555555556
2012-07-15,"Fridge",13.4908333333333
2012-07-16,"Fridge",7.09222222222222
2012-07-17,"Fridge",7.13083333333333
2012-07-18,"Fridge",7.61916666666667
2012-07-19,"Fridge",7.74944444444444
2012-07-20,"Fridge",7.55416666666667
2012-07-21,"Fridge",7.61916666666667
2012-07-22,"Fridge",7.63444444444444
2012-07-23,"Fridge",7.92944444444444
2012-07-24,"Fridge",7.34861111111111
2012-07-25,"Fridge",8.08777777777778
2012-07-26,"Fridge",8.37444444444444
2012-07-27,"Fridge",9.21777777777778
2012-07-28,"Fridge",8.94222222222222
2012-07-29,"Fridge",8.38805555555555
2012-07-30,"Fridge",7.72777777777778
2012-07-31,"Fridge",8.53361111111111
2012-08-01,"Fridge",8.24166666666667
2012-08-02,"Fridge",8.45083333333333
2012-08-03,"Fridge",8.47833333333333
2012-08-04,"Fridge",8.28444444444444
2012-08-05,"Fridge",8.6775
2012-08-06,"Fridge",8.01305555555555
2012-08-07,"Fridge",8.17361111111111
2012-08-08,"Fridge",7.85388888888889
2012-08-09,"Fridge",7.90138888888889
2012-08-10,"Fridge",8.21444444444444
2012-08-11,"Fridge",9.65083333333333
2012-08-12,"Fridge",8.11333333333333
2012-08-13,"Fridge",8.26861111111111
2012-08-14,"Fridge",8.22305555555556
2012-08-15,"Fridge",8.41722222222222
2012-08-16,"Fridge",8.40694444444444
2012-08-17,"Fridge",8.96111111111111
2012-08-18,"Fridge",9.11416666666667
2012-08-19,"Fridge",10.0894444444444
2012-08-20,"Fridge",8.58333333333333
2012-08-21,"Fridge",8.74916666666667
2012-08-22,"Fridge",9.2275
2012-08-23,"Fridge",8.61361111111111
2012-08-24,"Fridge",8.47611111111111
2012-08-25,"Fridge",9.96361111111111
2012-08-26,"Fridge",9.48972222222222
2012-08-27,"Fridge",NA
2012-08-28,"Fridge",NA
2012-08-29,"Fridge",NA
2012-08-30,"Fridge",23.6752777777778
2012-08-31,"Fridge",NA
2012-09-01,"Fridge",NA
2012-09-02,"Fridge",NA
2012-09-03,"Fridge",10.7433333333333
2012-09-04,"Fridge",7.27277777777778
2012-09-05,"Fridge",7.17694444444444
2012-09-06,"Fridge",7.63944444444444
2012-09-07,"Fridge",7.65444444444444
2012-09-08,"Fridge",7.84638888888889
2012-09-09,"Fridge",8.03305555555556
2012-09-10,"Fridge",7.58111111111111
2012-09-11,"Fridge",7.87694444444444
2012-09-12,"Fridge",7.35916666666667
2012-09-13,"Fridge",7.10388888888889
2012-09-14,"Fridge",17.4194444444444
2012-09-15,"Fridge",19.9905555555556
2012-09-16,"Fridge",7.36027777777778
2012-09-17,"Fridge",7.36861111111111
2012-09-18,"Fridge",7.38472222222222
2012-09-19,"Fridge",6.93277777777778
2012-09-20,"Fridge",7.14277777777778
2012-09-21,"Fridge",7.05555555555556
2012-09-22,"Fridge",8.58722222222222
2012-09-23,"Fridge",7.41722222222222
2012-09-24,"Fridge",7.57444444444444
2012-09-25,"Fridge",7.03111111111111
2012-09-26,"Fridge",7.13888888888889
2012-09-27,"Fridge",7.08833333333333
2012-09-28,"Fridge",7.32888888888889
2012-09-29,"Fridge",8.50972222222222
2012-09-30,"Fridge",8.41444444444445
2012-10-01,"Fridge",8.30694444444444
2012-10-02,"Fridge",7.63277777777778
2012-10-03,"Fridge",7.39638888888889
2012-10-04,"Fridge",7.26138888888889
2012-10-05,"Fridge",7.08527777777778
2012-10-06,"Fridge",7.1625
2012-10-07,"Fridge",7.13138888888889
2012-10-08,"Fridge",7.27444444444444
2012-10-09,"Fridge",7.50916666666667
2012-10-10,"Fridge",7.40861111111111
2012-10-11,"Fridge",7.66
2012-10-12,"Fridge",7.99083333333333
2012-10-13,"Fridge",7.79194444444444
2012-10-14,"Fridge",7.76055555555556
2012-10-15,"Fridge",7.19611111111111
2012-10-16,"Fridge",8.10805555555556
2012-10-17,"Fridge",7.31055555555556
2012-10-18,"Fridge",18.8888888888889
2012-10-19,"Fridge",11.7102777777778
2012-10-20,"Fridge",9.56
2012-10-21,"Fridge",7.66194444444444
2012-10-22,"Fridge",7.29
2012-10-23,"Fridge",7.35555555555556
2012-10-24,"Fridge",7.08638888888889
2012-10-25,"Fridge",7.58305555555556
2012-10-26,"Fridge",8.16333333333333
2012-10-27,"Fridge",7.58527777777778
2012-10-28,"Fridge",7.82777777777778
2012-10-29,"Fridge",13.1225
2012-11-07,"Fridge",19.7825
2012-11-08,"Fridge",7.26944444444444
2012-11-09,"Fridge",7.23888888888889
2012-11-10,"Fridge",7.97388888888889
2012-11-11,"Fridge",7.50777777777778
2012-11-12,"Fridge",7.22666666666667
2012-11-13,"Fridge",7.38277777777778
2012-11-14,"Fridge",7.06888888888889
2012-11-15,"Fridge",7.16111111111111
2012-11-16,"Fridge",7.19083333333333
2012-11-17,"Fridge",7.58333333333333
2012-11-18,"Fridge",7.285
2012-11-19,"Fridge",7.34305555555556
2012-11-20,"Fridge",7.21
2012-11-21,"Fridge",7.29305555555556
2012-11-22,"Fridge",7.14916666666667
2012-11-23,"Fridge",7.06916666666667
2012-11-24,"Fridge",7.82666666666667
2012-11-25,"Fridge",7.39083333333333
2012-11-26,"Fridge",7.07305555555556
2012-11-27,"Fridge",6.82472222222222
2012-11-28,"Fridge",7.32722222222222
2012-11-29,"Fridge",7.22194444444444
2012-11-30,"Fridge",7.29111111111111
2012-12-01,"Fridge",7.31805555555556
2012-12-02,"Fridge",7.8025
2012-12-03,"Fridge",7.36805555555556
2012-12-04,"Fridge",7.03138888888889
2012-12-05,"Fridge",6.88722222222222
2012-12-06,"Fridge",7.17416666666667
2012-12-07,"Fridge",7.11361111111111
2012-12-08,"Fridge",17.8783333333333
2013-01-04,"Fridge",13.0883333333333
2013-01-05,"Fridge",7.81222222222222
2013-01-06,"Fridge",7.59333333333333
2013-01-07,"Fridge",7.15138888888889
2013-01-08,"Fridge",7.20722222222222
2013-01-09,"Fridge",7.23722222222222
2013-01-10,"Fridge",7.38833333333333
2013-01-11,"Fridge",7.2425
2013-01-12,"Fridge",7.39222222222222
2013-01-13,"Fridge",7.52
2013-01-14,"Fridge",7.36361111111111
2013-01-15,"Fridge",7.19388888888889
2013-01-16,"Fridge",7.12777777777778
2013-01-17,"Fridge",7.27083333333333
2013-01-18,"Fridge",7.43083333333333
2013-01-19,"Fridge",7.23166666666667
2013-01-20,"Fridge",7.45555555555556
2013-01-21,"Fridge",7.06055555555556
2013-01-22,"Fridge",7.12611111111111
2013-01-23,"Fridge",7.20833333333333
2013-01-24,"Fridge",6.98138888888889
2013-01-25,"Fridge",7.03611111111111
2013-01-26,"Fridge",7.945
2013-01-27,"Fridge",7.37
2013-01-28,"Fridge",7.38277777777778
2013-01-29,"Fridge",7.40388888888889
2013-01-30,"Fridge",7.08277777777778
2013-01-31,"Fridge",6.86805555555556
2012-06-27,"Kettle",0.0755555555555556
2012-06-28,"Kettle",3.92666666666667
2012-06-29,"Kettle",6.15694444444444
2012-06-30,"Kettle",0.0536111111111111
2012-07-01,"Kettle",0
2012-07-02,"Kettle",0.0527777777777778
2012-07-03,"Kettle",0.00583333333333333
2012-07-04,"Kettle",0.0613888888888889
2012-07-05,"Kettle",0.0786111111111111
2012-07-06,"Kettle",0.055
2012-07-07,"Kettle",0.000277777777777778
2012-07-08,"Kettle",0.108611111111111
2012-07-09,"Kettle",0.1
2012-07-10,"Kettle",0.0452777777777778
2012-07-11,"Kettle",0.0713888888888889
2012-07-12,"Kettle",0.416944444444444
2012-07-13,"Kettle",0.632222222222222
2012-07-14,"Kettle",15.2713888888889
2012-07-15,"Kettle",11.0847222222222
2012-07-16,"Kettle",4.13416666666667
2012-07-17,"Kettle",3.98888888888889
2012-07-18,"Kettle",3.84083333333333
2012-07-19,"Kettle",3.61166666666667
2012-07-20,"Kettle",3.5725
2012-07-21,"Kettle",3.65305555555556
2012-07-22,"Kettle",3.90638888888889
2012-07-23,"Kettle",3.56361111111111
2012-07-24,"Kettle",3.63638888888889
2012-07-25,"Kettle",3.78111111111111
2012-07-26,"Kettle",3.45527777777778
2012-07-27,"Kettle",3.36805555555556
2012-07-28,"Kettle",3.61027777777778
2012-07-29,"Kettle",3.80666666666667
2012-07-30,"Kettle",3.63361111111111
2012-07-31,"Kettle",3.71694444444444
2012-08-01,"Kettle",3.84916666666667
2012-08-02,"Kettle",3.52583333333333
2012-08-03,"Kettle",13.3608333333333
2012-08-04,"Kettle",3.69
2012-08-05,"Kettle",3.72833333333333
2012-08-06,"Kettle",3.75583333333333
2012-08-07,"Kettle",4.13388888888889
2012-08-08,"Kettle",4.10361111111111
2012-08-09,"Kettle",4.05805555555556
2012-08-10,"Kettle",4.08527777777778
2012-08-11,"Kettle",4.14111111111111
2012-08-12,"Kettle",4.02916666666667
2012-08-13,"Kettle",3.88638888888889
2012-08-14,"Kettle",3.79472222222222
2012-08-15,"Kettle",3.49694444444444
2012-08-16,"Kettle",3.59722222222222
2012-08-17,"Kettle",4.815
2012-08-18,"Kettle",3.96222222222222
2012-08-19,"Kettle",3.9175
2012-08-20,"Kettle",3.2625
2012-08-21,"Kettle",3.11333333333333
2012-08-22,"Kettle",3.14305555555556
2012-08-23,"Kettle",3.20416666666667
2012-08-24,"Kettle",3.22444444444444
2012-08-25,"Kettle",4.72611111111111
2012-08-26,"Kettle",9.07611111111111
2012-08-27,"Kettle",NA
2012-08-28,"Kettle",NA
2012-08-29,"Kettle",NA
2012-08-30,"Kettle",11.4791666666667
2012-08-31,"Kettle",7.61277777777778
2012-09-01,"Kettle",11.4263888888889
2012-09-02,"Kettle",3.60611111111111
2012-09-03,"Kettle",3.55583333333333
2012-09-04,"Kettle",3.69583333333333
2012-09-05,"Kettle",3.41083333333333
2012-09-06,"Kettle",3.45111111111111
2012-09-07,"Kettle",3.36638888888889
2012-09-08,"Kettle",3.20805555555556
2012-09-09,"Kettle",3.71555555555556
2012-09-10,"Kettle",3.41472222222222
2012-09-11,"Kettle",3.55111111111111
2012-09-12,"Kettle",3.685
2012-09-13,"Kettle",3.76611111111111
2012-09-14,"Kettle",16.0983333333333
2012-09-15,"Kettle",18.6244444444444
2012-09-16,"Kettle",3.75166666666667
2012-09-17,"Kettle",3.82777777777778
2012-09-18,"Kettle",4.37333333333333
2012-09-19,"Kettle",3.89111111111111
2012-09-20,"Kettle",3.77444444444444
2012-09-21,"Kettle",3.65555555555556
2012-09-22,"Kettle",7.65416666666667
2012-09-23,"Kettle",3.83694444444444
2012-09-24,"Kettle",3.57083333333333
2012-09-25,"Kettle",3.67138888888889
2012-09-26,"Kettle",3.67027777777778
2012-09-27,"Kettle",3.80833333333333
2012-09-28,"Kettle",4.04416666666667
2012-09-29,"Kettle",4.32888888888889
2012-09-30,"Kettle",3.57333333333333
2012-10-01,"Kettle",3.64666666666667
2012-10-02,"Kettle",3.69694444444444
2012-10-03,"Kettle",3.6225
2012-10-04,"Kettle",3.69666666666667
2012-10-05,"Kettle",3.63583333333333
2012-10-06,"Kettle",3.51888888888889
2012-10-07,"Kettle",3.74333333333333
2012-10-08,"Kettle",3.77027777777778
2012-10-09,"Kettle",3.77222222222222
2012-10-10,"Kettle",3.90361111111111
2012-10-11,"Kettle",3.64944444444444
2012-10-12,"Kettle",3.62055555555556
2012-10-13,"Kettle",6.23944444444444
2012-10-14,"Kettle",6.07111111111111
2012-10-15,"Kettle",3.60638888888889
2012-10-16,"Kettle",4.53361111111111
2012-10-17,"Kettle",3.85527777777778
2012-10-18,"Kettle",18.4222222222222
2012-10-19,"Kettle",8.72444444444444
2012-10-20,"Kettle",6.37833333333333
2012-10-21,"Kettle",4.46388888888889
2012-10-22,"Kettle",3.80111111111111
2012-10-23,"Kettle",3.72972222222222
2012-10-24,"Kettle",3.67166666666667
2012-10-25,"Kettle",4.30861111111111
2012-10-26,"Kettle",3.76166666666667
2012-10-27,"Kettle",3.84194444444444
2012-10-28,"Kettle",3.49805555555556
2012-10-29,"Kettle",10.1858333333333
2012-11-07,"Kettle",18.8961111111111
2012-11-08,"Kettle",3.68777777777778
2012-11-09,"Kettle",3.795
2012-11-10,"Kettle",3.75194444444444
2012-11-11,"Kettle",3.86944444444444
2012-11-12,"Kettle",3.63194444444444
2012-11-13,"Kettle",3.62138888888889
2012-11-14,"Kettle",3.32722222222222
2012-11-15,"Kettle",3.49805555555556
2012-11-16,"Kettle",3.36138888888889
2012-11-17,"Kettle",3.42833333333333
2012-11-18,"Kettle",3.43222222222222
2012-11-19,"Kettle",3.52944444444444
2012-11-20,"Kettle",3.46833333333333
2012-11-21,"Kettle",3.53333333333333
2012-11-22,"Kettle",3.53444444444444
2012-11-23,"Kettle",3.54333333333333
2012-11-24,"Kettle",3.49
2012-11-25,"Kettle",3.37666666666667
2012-11-26,"Kettle",3.61861111111111
2012-11-27,"Kettle",3.55138888888889
2012-11-28,"Kettle",3.56305555555556
2012-11-29,"Kettle",2.70583333333333
2012-11-30,"Kettle",0.000277777777777778
2012-12-01,"Kettle",0.631666666666667
2012-12-02,"Kettle",NA
2012-12-03,"Kettle",NA
2012-12-04,"Kettle",NA
2012-12-05,"Kettle",NA
2012-12-06,"Kettle",NA
2012-12-07,"Kettle",NA
2012-12-08,"Kettle",NA
2013-01-04,"Kettle",NA
2013-01-05,"Kettle",NA
2013-01-06,"Kettle",NA
2013-01-07,"Kettle",NA
2013-01-08,"Kettle",NA
2013-01-09,"Kettle",NA
2013-01-10,"Kettle",NA
2013-01-11,"Kettle",NA
2013-01-12,"Kettle",NA
2013-01-13,"Kettle",NA
2013-01-14,"Kettle",NA
2013-01-15,"Kettle",NA
2013-01-16,"Kettle",NA
2013-01-17,"Kettle",NA
2013-01-18,"Kettle",NA
2013-01-19,"Kettle",NA
2013-01-20,"Kettle",NA
2013-01-21,"Kettle",NA
2013-01-22,"Kettle",NA
2013-01-23,"Kettle",NA
2013-01-24,"Kettle",NA
2013-01-25,"Kettle",NA
2013-01-26,"Kettle",NA
2013-01-27,"Kettle",NA
2013-01-28,"Kettle",NA
2013-01-29,"Kettle",NA
2013-01-30,"Kettle",NA
2013-01-31,"Kettle",NA
